support,itemsets,itemset_size
0.11318034362609636,WHITE HANGING HEART T-LIGHT HOLDER,1
0.018502943650126155,KNITTED UNION FLAG HOT WATER BOTTLE,1
0.01820257118827346,RED WOOLLY HOTTIE WHITE HEART.,1
0.015499219031599183,SET 7 BABUSHKA NESTING BOXES,1
0.013757058752853539,WHITE METAL LANTERN,1
0.01351676078337138,CREAM CUPID HEARTS COAT HANGER,1
0.026312627658296287,HAND WARMER UNION JACK,1
0.07809684008170131,ASSORTED COLOUR BIRD ORNAMENT,1
0.03982938844166767,HOME BUILDING BLOCK WORD,1
0.03207977892586807,LOVE BUILDING BLOCK WORD,1
0.029917097200528656,DOORMAT NEW ENGLAND,1
0.021987264207617447,FELTCRAFT PRINCESS CHARLOTTE DOLL,1
0.017301453802715368,POPPY'S PLAYHOUSE KITCHEN,1
0.015619368016340262,POPPY'S PLAYHOUSE BEDROOM,1
0.012195121951219513,BOX OF VINTAGE ALPHABET BLOCKS,1
0.01129400456566142,BOX OF VINTAGE JIGSAW BLOCKS,1
0.04511594377027514,JAM MAKING SET WITH JARS,1
0.01345668629100084,BATH BUILDING BLOCK WORD,1
0.0567703952901598,PAPER CHAIN KIT 50'S CHRISTMAS,1
0.051303616484440706,WOODEN PICTURE FRAME WHITE FINISH,1
0.04709840201850295,WOODEN FRAME ANTIQUE WHITE,1
0.030097320677640274,WOOD 2 DRAWER CABINET WHITE FINISH,1
0.021867115222876366,WOOD S/3 CABINET ANT WHITE FINISH,1
0.014838399615523249,SAVE THE PLANET MUG,1
0.013036164844407064,EDWARDIAN PARASOL RED,1
0.03856782410188634,RED HANGING HEART T-LIGHT HOLDER,1
0.0293764267691938,HOT WATER BOTTLE TEA AND SYMPATHY,1
0.0672834314550042,LUNCH BAG RED RETROSPOT,1
0.05070287156073531,PACK OF 72 RETROSPOT CAKE CASES,1
0.04878048780487805,JUMBO BAG PINK POLKADOT,1
0.043253634506788416,JUMBO STORAGE BAG SUKI,1
0.03760663222395771,JUMBO  BAG BAROQUE BLACK WHITE,1
0.03544395049861829,PACK OF 60 PINK PAISLEY CAKE CASES,1
0.035263727021506666,60 TEATIME FAIRY CAKE CASES,1
0.03322119428090833,JUMBO BAG PINK VINTAGE PAISLEY,1
0.028535383876006248,PACK OF 60 DINOSAUR CAKE CASES,1
0.026613000120148986,STRAWBERRY CHARLOTTE BAG,1
0.01820257118827346,STRAWBERRY LUNCH BOX WITH CUTLERY,1
0.013036164844407064,SET/6 RED SPOTTY PAPER PLATES,1
0.012555568905442748,LUNCH BOX WITH CUTLERY RETROSPOT,1
0.043313708999158956,JAM MAKING SET PRINTED,1
0.04499579478553406,JUMBO SHOPPER VINTAGE RED PAISLEY,1
0.041090952781448996,RETROSPOT TEA SET CERAMIC 11 PC,1
0.03796707917818094,GIN + TONIC DIET METAL SIGN,1
0.03412231166646642,COOK WITH WINE METAL SIGN,1
0.02505106331851496,PAPER CHAIN KIT RETROSPOT,1
0.02150666826865313,DOORMAT FANCY FONT HOME SWEET HOME,1
0.020185029436501262,RED TOADSTOOL LED NIGHT LIGHT,1
0.019764507989907486,EDWARDIAN PARASOL NATURAL,1
0.019404061035684247,YOU'RE CONFUSING ME METAL SIGN,1
0.01808242220353238,CLEAR DRAWER KNOB ACRYLIC EDWARDIAN,1
0.016400336417157275,RETROSPOT LARGE MILK JUG,1
0.015198846569746486,WHITE SPOT RED CERAMIC DRAWER KNOB,1
0.014898474107893788,CERAMIC STRAWBERRY CAKE MONEY BANK,1
0.013757058752853539,EDWARDIAN PARASOL BLACK,1
0.012795866874924906,PIGGY BANK RETROSPOT,1
0.01015258921062117,ZINC WILLIE WINKIE  CANDLE STICK,1
0.01003244022588009,CERAMIC CHERRY CAKE MONEY BANK,1
0.04145139973567223,ALARM CLOCK BAKELIKE GREEN,1
0.022347711161840682,RECYCLING BAG RETROSPOT,1
0.016099963955304577,TOY TIDY PINK POLKADOT,1
0.014417878168929473,VINTAGE SNAKES & LADDERS,1
0.010873483119067644,ANTIQUE GLASS DRESSING TABLE POT,1
0.010452961672473868,IVORY GIANT GARDEN THERMOMETER,1
0.056349873843566024,NATURAL SLATE HEART CHALKBOARD,1
0.05574912891986063,HEART OF WICKER SMALL,1
0.04751892346509672,HEART OF WICKER LARGE,1
0.034422684128319114,WOOD BLACK BOARD ANT WHITE FINISH,1
0.03063799110897513,COLOUR GLASS T-LIGHT HOLDER HANGING,1
0.02601225519644359,CREAM HEART CARD HOLDER,1
0.0248107653490328,ENAMEL FLOWER JUG CREAM,1
0.018803316111978854,ENAMEL BREAD BIN CREAM,1
0.016160038447675117,HANGING METAL HEART LANTERN,1
0.014297729184188394,CLASSIC METAL BIRDCAGE PLANT HOLDER,1
0.031118587047939444,LUNCH BAG DOLLY GIRL DESIGN,1
0.017481677279826986,JUMBO BAG DOLLY GIRL DESIGN,1
0.015198846569746486,TRADITIONAL CHRISTMAS RIBBONS,1
0.08692779046017061,JUMBO BAG RED RETROSPOT,1
0.03051784212423405,CHILLI LIGHTS,1
0.027814489967559773,HOMEMADE JAM SCENTED CANDLES,1
0.010092514718250631,GINGHAM HEART  DOORSTOP RED,1
0.04067043133485522,PAPER CHAIN KIT VINTAGE CHRISTMAS,1
0.03532380151387721,SET/20 RED RETROSPOT PAPER NAPKINS,1
0.028955905322600024,RETROSPOT HEART HOT WATER BOTTLE,1
0.023489126516880933,HANGING HEART ZINC T-LIGHT HOLDER,1
0.021807040730505826,SMALL POPCORN HOLDER,1
0.015258921062117025,ENGLISH ROSE HOT WATER BOTTLE,1
0.013817133245224078,CHRISTMAS LIGHTS 10 REINDEER,1
0.011534302535143579,DELUXE SEWING KIT,1
0.010873483119067644,JAM JAR WITH PINK LID,1
0.010693259641956025,SET/6 RED SPOTTY PAPER CUPS,1
0.010513036164844407,DISCO BALL CHRISTMAS DECORATION,1
0.010092514718250631,JAM JAR WITH GREEN LID,1
0.02475069085666226,WOODEN BOX OF DOMINOES,1
0.022407785654211223,3 STRIPEY MICE FELTCRAFT,1
0.018382794665385078,TRADITIONAL WOODEN SKIPPING ROPE,1
0.017601826264568063,SET OF 6 SOLDIER SKITTLES,1
0.013276462813889223,PICNIC BASKET WICKER SMALL,1
0.03490328006728343,HAND OVER THE CHOCOLATE   SIGN,1
0.03352156674276102,CLOTHES PEGS RETROSPOT PACK 24,1
0.03292082181905563,HAND WARMER OWL DESIGN,1
0.027634266490448155,HAND WARMER SCOTTY DOG DESIGN,1
0.02042532740598342,TRAVEL SEWING KIT,1
0.019584284512795865,HAND WARMER RED RETROSPOT,1
0.013937282229965157,"FANCY FONT BIRTHDAY CARD,",1
0.04553646521686892,ALARM CLOCK BAKELIKE RED,1
0.027574191998077615,HAND WARMER BIRD DESIGN,1
0.025471584765108735,ALARM CLOCK BAKELIKE IVORY,1
0.019884656974648564,SMALL GLASS HEART TRINKET POT,1
0.018803316111978854,ALARM CLOCK BAKELIKE ORANGE,1
0.015499219031599183,CHICK GREY HOT WATER BOTTLE,1
0.03982938844166767,CHOCOLATE HOT WATER BOTTLE,1
0.03718611077736393,SCOTTIE DOG HOT WATER BOTTLE,1
0.029015979814970564,HOT WATER BOTTLE I AM SO POORLY,1
0.026552925627778445,STRAWBERRY CERAMIC TRINKET BOX,1
0.02156674276102367,WHITE SKULL HOT WATER BOTTLE,1
0.012735792382554368,DOORMAT FAIRY CAKE,1
0.01249549441307221,PACK OF 12 RED RETROSPOT TISSUES,1
0.05244503183948095,LUNCH BAG SPACEBOY DESIGN,1
0.05094316953021747,LUNCH BAG PINK POLKADOT,1
0.0404902078577436,LUNCH BAG WOODLAND,1
0.027814489967559773,GUMBALL COAT RACK,1
0.025651808242220353,PHOTO FRAME CORNICE,1
0.024210020425327407,BATHROOM METAL SIGN,1
0.021086146822059355,LADIES & GENTLEMEN METAL SIGN,1
0.019043614081461012,CANDLEHOLDER PINK HANGING HEART,1
0.01892346509671993,I'M ON HOLIDAY METAL SIGN,1
0.018863390604349394,METAL SIGN TAKE IT OR LEAVE IT,1
0.017721975249309144,SCANDINAVIAN REDS RIBBONS,1
0.017601826264568063,ASSORTED COLOUR MINI CASES,1
0.017601826264568063,TOILET METAL SIGN,1
0.015619368016340262,SET 20 NAPKINS FAIRY CAKES DESIGN,1
0.014477952661300012,SET/10 PINK POLKADOT PARTY CANDLES,1
0.014177580199447315,JAZZ HEARTS PURSE NOTEBOOK,1
0.013156313829148144,FAMILY PHOTO FRAME CORNICE,1
0.013036164844407064,KITCHEN METAL SIGN,1
0.012195121951219513,PICTURE DOMINOES,1
0.012135047458848972,RETROSPOT CIGAR BOX MATCHES,1
0.011534302535143579,TRIPLE PHOTO FRAME CORNICE,1
0.01033281268773279,BALLOONS  WRITING SET,1
0.010272738195362249,SET OF 9 HEART SHAPED BALLOONS,1
0.05983419440105731,LUNCH BAG  BLACK SKULL.,1
0.05298570227081581,LUNCH BAG CARS BLUE,1
0.02823501141415355,SET OF 3 HEART COOKIE CUTTERS,1
0.02691337258200168,SET OF 3 BUTTERFLY COOKIE CUTTERS,1
0.026673074612519523,72 SWEETHEART FAIRY CAKE CASES,1
0.026552925627778445,PACK OF 72 SKULL CAKE CASES,1
0.019944731467019104,PACK OF 60 SPACEBOY CAKE CASES,1
0.0156794425087108,HEART IVORY TRELLIS LARGE,1
0.014477952661300012,3 PIECE SPACEBOY COOKIE CUTTER SET,1
0.012916015859665985,HEART IVORY TRELLIS SMALL,1
0.011774600504625737,CHOCOLATE BOX RIBBONS,1
0.010873483119067644,ROMANTIC PINKS RIBBONS,1
0.04217229364411871,SET/5 RED RETROSPOT LID GLASS BOWLS,1
0.04709840201850295,VICTORIAN GLASS HANGING T-LIGHT,1
0.03021746966238135,DOORMAT RED RETROSPOT,1
0.027514117505707078,RED  HARMONICA IN BOX,1
0.027093596059113302,DOORMAT HEARTS,1
0.02583203171933197,BLUE HARMONICA IN BOX,1
0.022347711161840682,PLASTERS IN TIN SKULLS,1
0.021086146822059355,SET OF 20 KIDS COOKIE CUTTERS,1
0.018863390604349394,SINGLE HEART ZINC T-LIGHT HOLDER,1
0.018322720173014537,LOVEBIRD HANGING DECORATION WHITE,1
0.018022347711161842,NATURAL SLATE RECTANGLE CHALKBOARD,1
0.017181304817974287,ROTATING SILVER ANGELS T-LIGHT HLDR,1
0.01700108134086267,SET OF 72 RETROSPOT PAPER  DOILIES,1
0.01682085786375105,4 TRADITIONAL SPINNING TOPS,1
0.01465817613841163,SILVER HANGING T-LIGHT HOLDER,1
0.014598101646041091,RED RETROSPOT UMBRELLA,1
0.013696984260482999,AIRLINE BAG VINTAGE TOKYO 78,1
0.013276462813889223,MINI PAINT SET VINTAGE,1
0.012555568905442748,BLACK/BLUE POLKADOT UMBRELLA,1
0.01249549441307221,12 PENCILS TALL TUBE SKULLS,1
0.012014898474107893,10 COLOUR SPACEBOY PEN,1
0.03736633425447555,JUMBO BAG STRAWBERRY,1
0.02372942448636309,FELTCRAFT CUSHION OWL,1
0.022287636669470142,JUMBO BAG OWLS,1
0.0202451039288718,SET 2 TEA TOWELS I LOVE LONDON,1
0.016160038447675117,AGED GLASS SILVER T-LIGHT HOLDER,1
0.012675717890183827,STRAWBERRY SHOPPER BAG,1
0.05106331851495855,REX CASH+CARRY JUMBO SHOPPER,1
0.03772678120869879,6 RIBBONS RUSTIC CHARM,1
0.030397693139492973,SPACEBOY LUNCH BOX,1
0.02805478793704193,DOLLY GIRL LUNCH BOX,1
0.023128679562657694,CHRISTMAS CRAFT LITTLE FRIENDS,1
0.01934398654331371,CHRISTMAS CRAFT TREE TOP ANGEL,1
0.019043614081461012,SOLDIERS EGG CUP,1
0.018442869157755618,FELTCRAFT CUSHION RABBIT,1
0.017721975249309144,ROUND SNACK BOXES SET OF4 WOODLAND,1
0.016700708879009974,SET OF 3 NOTEBOOKS IN PARCEL,1
0.016520485401898353,FELTCRAFT CUSHION BUTTERFLY,1
0.016460410909527816,ROUND SNACK BOXES SET OF 4 FRUITS,1
0.016160038447675117,FELTCRAFT CHRISTMAS FAIRY,1
0.015499219031599183,FELTCRAFT DOLL MOLLY,1
0.013336537306259761,FELTCRAFT PRINCESS OLIVIA DOLL,1
0.013276462813889223,FELTCRAFT DOLL ROSIE,1
0.013216388321518684,RED RETROSPOT MINI CASES,1
0.012615643397813289,FELTCRAFT DOLL EMILY,1
0.0407905803195963,VINTAGE SNAP CARDS,1
0.02703352156674276,SET OF 20 VINTAGE CHRISTMAS NAPKINS,1
0.02607232968881413,FELTCRAFT 6 FLOWER FRIENDS,1
0.02589210621170251,VINTAGE HEADS AND TAILS CARD GAME,1
0.025771957226961434,60 CAKE CASES VINTAGE CHRISTMAS,1
0.025111137810885496,FELTCRAFT BUTTERFLY HEARTS,1
0.024450318394809562,PLASTERS IN TIN VINTAGE PAISLEY,1
0.024270094917697944,PLASTERS IN TIN SPACEBOY,1
0.0225279346389523,PLASTERS IN TIN WOODLAND ANIMALS,1
0.022107413192358524,CHILDRENS APRON SPACEBOY DESIGN,1
0.02174696623813529,PACK OF 12 LONDON TISSUES,1
0.02006488045176018,FELTCRAFT PRINCESS LOLA DOLL,1
0.01784212423405022,WICKER STAR,1
0.017601826264568063,60 CAKE CASES DOLLY GIRL DESIGN,1
0.016520485401898353,HAND WARMER BABUSHKA DESIGN,1
0.014297729184188394,SET 12 RETRO WHITE CHALK STICKS,1
0.01237534542833113,PACK OF 60 MUSHROOM CAKE CASES,1
0.012135047458848972,CHILDREN'S APRON DOLLY GIRL,1
0.010693259641956025,RIBBON REEL CHRISTMAS SOCK BAUBLE,1
0.01021266370299171,MAGIC DRAWING SLATE SPACEBOY,1
0.028955905322600024,GREY HEART HOT WATER BOTTLE,1
0.016039889462934036,TRADITIONAL WOODEN CATCH CUP GAME,1
0.010693259641956025,METAL SIGN EMPIRE TEA,1
0.017721975249309144,FAWN BLUE HOT WATER BOTTLE,1
0.016520485401898353,PACK OF 6 BIRDY GIFT TAGS,1
0.01345668629100084,DOORSTOP RETROSPOT HEART,1
0.013276462813889223,CERAMIC HEART FAIRY CAKE MONEY BANK,1
0.012855941367295447,RED RETROSPOT OVEN GLOVE,1
0.027634266490448155,ZINC METAL HEART DECORATION,1
0.01814249669590292,CHRISTMAS CRAFT WHITE FAIRY,1
0.014417878168929473,HEART FILIGREE DOVE  SMALL,1
0.01351676078337138,RETROSPOT CHILDRENS APRON,1
0.01243541992070167,COLOURING PENCILS BROWN TUBE,1
0.015379070046858104,SET/10 RED POLKADOT PARTY CANDLES,1
0.013156313829148144,VICTORIAN SEWING BOX SMALL,1
0.011474228042773038,FRENCH WC SIGN BLUE METAL,1
0.01712123032560375,WASHROOM METAL SIGN,1
0.02613240418118467,WOODEN HEART CHRISTMAS SCANDINAVIAN,1
0.020545476390724498,PACK OF 12 HEARTS DESIGN TISSUES,1
0.018683167127237776,RIBBON REEL STRIPES DESIGN,1
0.01249549441307221,HEART FILIGREE DOVE LARGE,1
0.011474228042773038,RETROSPOT PARTY BAG + STICKER SET,1
0.011173855580920341,VINTAGE PAISLEY STATIONERY SET,1
0.010452961672473868,SET/10 BLUE POLKADOT PARTY CANDLES,1
0.01015258921062117,RIBBON REEL CHRISTMAS PRESENT,1
0.010092514718250631,DOORMAT BLACK FLOCK,1
0.08470503424246065,REGENCY CAKESTAND 3 TIER,1
0.017721975249309144,BLACK RECORD COVER FRAME,1
0.0114141535504025,"RECORD FRAME 7"" SINGLE SIZE",1
0.010813408626697104,36 PENCILS TUBE RED RETROSPOT,1
0.022828307100805,VINTAGE UNION JACK BUNTING,1
0.014598101646041091,PAPER BUNTING WHITE LACE,1
0.018743241619608313,CARD BILLBOARD FONT,1
0.011053706596179262,SET/2 RED RETROSPOT TEA TOWELS,1
0.010513036164844407,SET OF 2 TEA TOWELS APPLE AND PEARS,1
0.014477952661300012,LANTERN CREAM GAZEBO,1
0.016520485401898353,ANTIQUE SILVER TEA GLASS ENGRAVED,1
0.02703352156674276,JUMBO STORAGE BAG SKULLS,1
0.016400336417157275,PLACE SETTING WHITE HEART,1
0.014477952661300012,PICNIC BASKET WICKER LARGE,1
0.012976090352036526,RETROSPOT RED WASHING UP GLOVES,1
0.012555568905442748,CALENDAR PAPER CUT DESIGN,1
0.011053706596179262,HERB MARKER MINT,1
0.010873483119067644,HERB MARKER ROSEMARY,1
0.010753334134326565,HERB MARKER BASIL,1
0.010753334134326565,HERB MARKER THYME,1
0.010693259641956025,HERB MARKER PARSLEY,1
0.010693259641956025,SMALL RED BABUSHKA NOTEBOOK,1
0.010633185149585486,12 MESSAGE CARDS WITH ENVELOPES,1
0.030758140093716208,PINK CREAM FELT CRAFT TRINKET BOX,1
0.02715367055148384,PACK OF 20 NAPKINS PANTRY DESIGN,1
0.018382794665385078,SWEETHEART CAKESTAND 3 TIER,1
0.01021266370299171,CHRISTMAS HANGING STAR WITH BELL,1
0.04073050582722576,ROSES REGENCY TEACUP AND SAUCER,1
0.010092514718250631,HANGING HEART MIRROR DECORATION,1
0.036765589330770156,GREEN REGENCY TEACUP AND SAUCER,1
0.01820257118827346,ENAMEL MEASURING JUG CREAM,1
0.016400336417157275,12 PENCILS SMALL TUBE SKULL,1
0.014958548600264328,12 PENCIL SMALL TUBE WOODLAND,1
0.010092514718250631,HEADS AND TAILS SPORTING FUN,1
0.03081821458608675,IVORY KITCHEN SCALES,1
0.02144659377628259,RED KITCHEN SCALES,1
0.01898353958909047,METAL 4 HOOK HANGER FRENCH CHATEAU,1
0.017301453802715368,WOODEN ROUNDERS GARDEN SET,1
0.020845848852577196,WHITE WOOD GARDEN PLANT LADDER,1
0.01351676078337138,MINT KITCHEN SCALES,1
0.02258800913132284,RED DINER WALL CLOCK,1
0.02144659377628259,IVORY DINER WALL CLOCK,1
0.017721975249309144,BLUE DINER WALL CLOCK,1
0.017721975249309144,RED RETROSPOT WRAP,1
0.013156313829148144,FANCY FONTS BIRTHDAY WRAP,1
0.010272738195362249,GIN & TONIC DIET GREETING CARD,1
0.02036525291361288,RED RETROSPOT CAKE STAND,1
0.02114622131442989,DOORMAT SPOTTY HOME SWEET HOME,1
0.015018623092634867,T-LIGHT GLASS FLUTED ANTIQUE,1
0.0114141535504025,LARGE HEART MEASURING SPOONS,1
0.028835756337858946,DOORMAT UNION FLAG,1
0.01928391205094317,DOORMAT ENGLISH ROSE,1
0.01712123032560375,3 HOOK PHOTO SHELF ANTIQUE WHITE,1
0.01351676078337138,GRAND CHOCOLATECANDLE,1
0.010813408626697104,RED GINGHAM ROSE JEWELLERY BOX,1
0.022047338699987984,JUMBO BAG WOODLAND ANIMALS,1
0.013757058752853539,JUMBO BAG TOYS,1
0.02697344707437222,LUNCH BOX I LOVE LONDON,1
0.019584284512795865,PLASTERS IN TIN STRONGMAN,1
0.01015258921062117,SET 12 KIDS  WHITE CHALK STICKS,1
0.04499579478553406,RECIPE BOX PANTRY YELLOW DESIGN,1
0.023188754055028234,RECIPE BOX RETROSPOT,1
0.015619368016340262,BLUE SPOT CERAMIC DRAWER KNOB,1
0.015619368016340262,SWEETHEART RECIPE BOOK STAND,1
0.014057431214706236,FOUR HOOK  WHITE LOVEBIRDS,1
0.010873483119067644,SUKI  SHOULDER BAG,1
0.010753334134326565,SMALL PURPLE BABUSHKA NOTEBOOK,1
0.010272738195362249,POLYESTER FILLER PAD 40x40cm,1
0.016340261924786735,BREAD BIN DINER STYLE IVORY,1
0.012735792382554368,RECIPE BOX BLUE SKETCHBOOK DESIGN,1
0.011354079058031959,BREAD BIN DINER STYLE RED,1
0.04006968641114982,PLEASE ONE PERSON METAL SIGN,1
0.021086146822059355,SWEETHEART CERAMIC TRINKET BOX,1
0.016880932356121592,RED STRIPE CERAMIC DRAWER KNOB,1
0.014898474107893788,WOODEN TREE CHRISTMAS SCANDINAVIAN,1
0.01351676078337138,Manual,1
0.011774600504625737,15CM CHRISTMAS GLASS BALL 20 LIGHTS,1
0.024089871440586327,WOODEN STAR CHRISTMAS SCANDINAVIAN,1
0.010693259641956025,FINE WICKER HEART,1
0.010633185149585486,PINK HEART SHAPE EGG FRYING PAN,1
0.025651808242220353,PINK BLUE FELT CRAFT TRINKET BOX,1
0.02949657575393488,ALARM CLOCK BAKELIKE PINK,1
0.028895830830229483,GINGERBREAD MAN COOKIE CUTTER,1
0.010272738195362249,COWBOYS AND INDIANS BIRTHDAY CARD,1
0.016520485401898353,ALARM CLOCK BAKELIKE CHOCOLATE,1
0.03051784212423405,CHARLOTTE BAG SUKI DESIGN,1
0.014477952661300012,PACK OF 12 SUKI TISSUES,1
0.012014898474107893,BROCADE RING PURSE,1
0.020124954944130722,PAINTED METAL PEARS ASSORTED,1
0.013817133245224078,SWALLOWS GREETING CARD,1
0.012855941367295447,COLOUR GLASS. STAR T-LIGHT HOLDER,1
0.014898474107893788,BINGO SET,1
0.012135047458848972,RED RETROSPOT CUP,1
0.01003244022588009,36 PENCILS TUBE SKULLS,1
0.016220112940045658,HOME SWEET HOME MUG,1
0.01345668629100084,BAG 125g SWIRLY MARBLES,1
0.012255196443590051,WOODEN HAPPY BIRTHDAY GARLAND,1
0.010693259641956025,BAG 250g SWIRLY MARBLES,1
0.021867115222876366,BAKING SET SPACEBOY DESIGN,1
0.01712123032560375,MULTI COLOUR SILVER T-LIGHT HOLDER,1
0.02144659377628259,PARTY METAL SIGN,1
0.018803316111978854,MEMO BOARD RETROSPOT  DESIGN,1
0.017541751772197526,SPACEBOY BIRTHDAY CARD,1
0.014838399615523249,SET 12 KIDS COLOUR  CHALK STICKS,1
0.012315270935960592,ROBOT BIRTHDAY CARD,1
0.025471584765108735,WORLD WAR 2 GLIDERS ASSTD DESIGNS,1
0.012976090352036526,CHILDRENS APRON APPLES DESIGN,1
0.010813408626697104,ENCHANTED BIRD COATHANGER 5 HOOK,1
0.01922383755857263,PLASTERS IN TIN CIRCUS PARADE,1
0.01712123032560375,12 PENCILS SMALL TUBE RED RETROSPOT,1
0.010513036164844407,3 TRADITIONAl BISCUIT CUTTERS  SET,1
0.02114622131442989,WOODEN SCHOOL COLOURING SET,1
0.010813408626697104,PACK OF 12 COLOURED PENCILS,1
0.018803316111978854,BLUE STRIPE CERAMIC DRAWER KNOB,1
0.014477952661300012,RED SPOT CERAMIC DRAWER KNOB,1
0.014477952661300012,WHITE SPOT BLUE CERAMIC DRAWER KNOB,1
0.013997356722335695,WATERING CAN BLUE ELEPHANT,1
0.011173855580920341,TEA PARTY BIRTHDAY CARD,1
0.011053706596179262,WATERING CAN PINK BUNNY,1
0.01033281268773279,WATERING CAN GREEN DINOSAUR,1
0.012615643397813289,RED RETROSPOT ROUND CAKE TINS,1
0.021867115222876366,AREA PATROLLED METAL SIGN,1
0.014057431214706236,RED RETROSPOT BOWL,1
0.012976090352036526,PICTURE FRAME WOOD TRIPLE PORTRAIT,1
0.013696984260482999,POTTING SHED TEA MUG,1
0.012916015859665985,ROUND CAKE TIN VINTAGE RED,1
0.019944731467019104,BOX OF 24 COCKTAIL PARASOLS,1
0.019043614081461012,TRADITIONAL MODELLING CLAY,1
0.016220112940045658,PACK OF 12 TRADITIONAL CRAYONS,1
0.01357683527574192,SMALL HEART MEASURING SPOONS,1
0.012135047458848972,PEG BAG APPLES DESIGN,1
0.011654451519884658,PHOTO FRAME 3 CLASSIC HANGING,1
0.028775681845488406,PAPER BUNTING RETROSPOT,1
0.018803316111978854,PINK HAPPY BIRTHDAY BUNTING,1
0.01820257118827346,BLUE HAPPY BIRTHDAY BUNTING,1
0.017782049741679684,TEA TIME PARTY BUNTING,1
0.017481677279826986,WOODEN UNION JACK BUNTING,1
0.016099963955304577,SET/3 RED GINGHAM ROSE STORAGE BOX,1
0.01243541992070167,12 PENCILS TALL TUBE RED RETROSPOT,1
0.011354079058031959,WOOD STAMP SET THANK YOU,1
0.011354079058031959,"SET 3 RETROSPOT TEA,COFFEE,SUGAR",1
0.01003244022588009,FILIGRIS HEART WITH BUTTERFLY,1
0.02487083984140334,JUMBO BAG SPACEBOY DESIGN,1
0.014778325123152709,RED FLORAL FELTCRAFT SHOULDER BAG,1
0.012855941367295447,PINK FLORAL FELTCRAFT SHOULDER BAG,1
0.011954823981737354,IVORY HANGING DECORATION  HEART,1
0.02150666826865313,PINK FAIRY CAKE CHILDRENS APRON,1
0.010092514718250631,PAINT YOUR OWN CANVAS SET,1
0.010813408626697104,BLUE POLKADOT BOWL,1
0.010573110657214946,PINK POLKADOT BOWL,1
0.010813408626697104,ROUND CAKE TIN VINTAGE GREEN,1
0.01237534542833113,MEMO BOARD COTTAGE DESIGN,1
0.011714526012255196,SET OF 36 PAISLEY FLOWER DOILIES,1
0.012555568905442748,POPPY'S PLAYHOUSE LIVINGROOM,1
0.011894749489366814,VINTAGE UNION JACK MEMOBOARD,1
0.01003244022588009,SPACEBOY GIFT WRAP,1
0.015799591493451882,FAMILY ALBUM WHITE PICTURE FRAME,1
0.013937282229965157,"KEY FOB , BACK DOOR",1
0.010813408626697104,12 PENCILS TALL TUBE WOODLAND,1
0.011894749489366814,GAOLERS KEYS DECORATIVE GARDEN,1
0.019704433497536946,RED RETROSPOT PEG BAG,1
0.036705514838399615,RED RETROSPOT CHARLOTTE BAG,1
0.025171212303256037,CHARLOTTE BAG PINK POLKADOT,1
0.022227562177099605,PAPER CHAIN KIT EMPIRE,1
0.016340261924786735,CHARLOTTE BAG DOLLY GIRL DESIGN,1
0.010272738195362249,TOY TIDY SPACEBOY,1
0.010873483119067644,PINK POLKADOT WRAP,1
0.01808242220353238,ASSORTED COLOURS SILK FAN,1
0.02042532740598342,RED RETROSPOT SHOPPER BAG,1
0.010573110657214946,RED RETROSPOT BUTTER DISH,1
0.022948456085546076,WOODLAND CHARLOTTE BAG,1
0.017601826264568063,HANGING JAM JAR T-LIGHT HOLDER,1
0.010993632103808723,BLUE POLKADOT WRAP,1
0.011354079058031959,FLORAL FOLK STATIONERY SET,1
0.010813408626697104,MONSTERS STENCIL CRAFT,1
0.0225279346389523,HOT BATHS METAL SIGN,1
0.021987264207617447,POTTERING IN THE SHED METAL SIGN,1
0.02114622131442989,CHOCOLATE THIS WAY METAL SIGN,1
0.01573951700108134,"KEY FOB , SHED",1
0.014898474107893788,LAUNDRY 15C METAL SIGN,1
0.010813408626697104,GIN AND TONIC MUG,1
0.025231286795626577,CREAM SWEETHEART MINI CHEST,1
0.012976090352036526,WRAP ENGLISH ROSE,1
0.012135047458848972,TEA TIME OVEN GLOVE,1
0.01015258921062117,RED RETROSPOT SUGAR JAM BOWL,1
0.012675717890183827,WOODEN CROQUET GARDEN SET,1
0.028535383876006248,TRADITIONAL KNITTING NANCY,1
0.012255196443590051,VINTAGE CREAM CAT FOOD CONTAINER,1
0.015379070046858104,3 HEARTS HANGING DECORATION RUSTIC,1
0.011954823981737354,SET OF 36 TEATIME PAPER DOILIES,1
0.010933557611438183,SET/20 STRAWBERRY PAPER NAPKINS,1
0.017481677279826986,SCANDINAVIAN PAISLEY PICNIC BAG,1
0.015318995554487565,PINK VINTAGE PAISLEY PICNIC BAG,1
0.012195121951219513,ENGLISH ROSE NOTEBOOK A7 SIZE,1
0.07749609515799591,PARTY BUNTING,1
0.012916015859665985,HOME SWEET HOME METAL SIGN,1
0.022167487684729065,NO SINGING METAL SIGN,1
0.017481677279826986,NATURAL SLATE CHALKBOARD LARGE,1
0.01249549441307221,SKULL LUNCH BOX WITH CUTLERY,1
0.010813408626697104,MAGNETS PACK OF 4 SWALLOWS,1
0.018322720173014537,RED RETROSPOT PICNIC BAG,1
0.010693259641956025,STRAWBERRY   PICNIC BAG,1
0.015439144539228643,SET OF 72 PINK HEART PAPER DOILIES,1
0.013036164844407064,TEA BAG PLATE RED RETROSPOT,1
0.019944731467019104,BEWARE OF THE CAT METAL SIGN,1
0.011714526012255196,POTTERING MUG,1
0.012315270935960592,RIBBON REEL HEARTS DESIGN,1
0.014417878168929473,HAPPY STENCIL CRAFT,1
0.032260002402979694,HANGING HEART JAR T-LIGHT HOLDER,1
0.016099963955304577,VINTAGE CREAM DOG FOOD CONTAINER,1
0.016280187432416195,SMALL MARSHMALLOWS PINK BOWL,1
0.013696984260482999,DOORMAT HOME SWEET HOME BLUE,1
0.013336537306259761,DOORMAT WELCOME PUPPIES,1
0.02066562537546558,SMALL DOLLY MIX DESIGN ORANGE BOWL,1
0.012555568905442748,GROW A FLYTRAP OR SUNFLOWER IN TIN,1
0.013997356722335695,PACK OF 20 NAPKINS RED APPLES,1
0.010753334134326565,JAZZ HEARTS ADDRESS BOOK,1
0.029616724738675958,PINK REGENCY TEACUP AND SAUCER,1
0.012014898474107893,FRENCH ENAMEL CANDLEHOLDER,1
0.016520485401898353,RED RETROSPOT SMALL MILK JUG,1
0.017481677279826986,SET OF 6 RIBBONS VINTAGE CHRISTMAS,1
0.017241379310344827,DOORMAT WELCOME TO OUR HOME,1
0.06049501381713324,SET OF 3 CAKE TINS PANTRY DESIGN,1
0.03580439745284152,SET OF 6 SPICE TINS PANTRY DESIGN,1
0.012916015859665985,SET OF 6 HERB TINS SKETCHBOOK,1
0.01345668629100084,SET OF 3 CAKE TINS SKETCHBOOK,1
0.015258921062117025,LONDON BUS COFFEE MUG,1
0.013036164844407064,QUEENS GUARD COFFEE MUG,1
0.01015258921062117,PINK BABY BUNTING,1
0.0433737834915295,BAKING SET 9 PIECE RETROSPOT,1
0.01237534542833113,WRAP ALPHABET DESIGN,1
0.010392887180103328,MEDIUM CERAMIC TOP STORAGE JAR,1
0.018262645680643997,GINGHAM HEART DECORATION,1
0.015138772077375946,SET 2 PANTRY DESIGN TEA TOWELS,1
0.012555568905442748,PANTRY SCRUBBING BRUSH,1
0.04769914694220834,SET OF 4 PANTRY JELLY MOULDS,1
0.025711882734590893,TRAVEL CARD WALLET KEEP CALM,1
0.011534302535143579,TRAVEL CARD WALLET TRANSPORT,1
0.014117505707076775,REVOLVER WOODEN RULER,1
0.012074972966478434,GIRAFFE WOODEN RULER,1
0.017301453802715368,TRAVEL CARD WALLET VINTAGE TICKET,1
0.010753334134326565,TRAVEL CARD WALLET SUKI,1
0.010753334134326565,TRAVEL CARD WALLET UNION JACK,1
0.01033281268773279,TRAVEL CARD WALLET I LOVE LONDON,1
0.014778325123152709,CHILDRENS CUTLERY POLKADOT PINK,1
0.05022227562177099,LUNCH BAG SUKI DESIGN,1
0.010933557611438183,CHILDRENS CUTLERY RETROSPOT RED,1
0.025471584765108735,JUMBO BAG SCANDINAVIAN BLUE PAISLEY,1
0.014958548600264328,TOILET SIGN OCCUPIED OR VACANT,1
0.015499219031599183,PANTRY WASHING UP BRUSH,1
0.011474228042773038,TREASURE ISLAND BOOK BOX,1
0.013937282229965157,FELTCRAFT GIRL AMELIE KIT,1
0.010813408626697104,RECYCLED ACAPULCO MAT TURQUOISE,1
0.010873483119067644,BULL DOG BOTTLE OPENER,1
0.0313588850174216,ANTIQUE SILVER T-LIGHT GLASS,1
0.016460410909527816,DOUGHNUT LIP GLOSS,1
0.012315270935960592,ICE CREAM SUNDAE LIP GLOSS,1
0.01129400456566142,ICE CREAM PEN LIP GLOSS,1
0.017661900756938603,OPEN CLOSED METAL SIGN,1
0.011173855580920341,SET OF 4 JAM JAR MAGNETS,1
0.013276462813889223,CHILDRENS CUTLERY SPACEBOY,1
0.010753334134326565,CHILDRENS CUTLERY DOLLY GIRL,1
0.044815571308422446,LUNCH BAG APPLE DESIGN,1
0.041811846689895474,JUMBO BAG ALPHABET,1
0.03760663222395771,JUMBO BAG APPLES,1
0.03574432296047098,LUNCH BAG ALPHABET DESIGN,1
0.02030517842124234,CHARLOTTE BAG APPLES DESIGN,1
0.01706115583323321,CHARLOTTE BAG VINTAGE ALPHABET,1
0.033161119788537786,LUNCH BAG VINTAGE LEAF DESIGN,1
0.011654451519884658,TRIPLE HOOK ANTIQUE IVORY ROSE,1
0.013997356722335695,SINGLE ANTIQUE ROSE HOOK IVORY,1
0.012916015859665985,MINIATURE ANTIQUE ROSE HOOK IVORY,1
0.013216388321518684,ZINC T-LIGHT HOLDER STARS SMALL,1
0.03706596179262285,DOORMAT KEEP CALM AND COME IN,1
0.05454763907244984,SPOTTY BUNTING,1
0.0248107653490328,LUNCH BAG DOILEY PATTERN,1
0.025471584765108735,JUMBO BAG PEARS,1
0.02475069085666226,JUMBO BAG DOILEY PATTERNS,1
0.042592815090712485,JUMBO BAG VINTAGE LEAF,1
0.012795866874924906,BUNDLE OF 3 RETRO NOTE BOOKS,1
0.017661900756938603,REGENCY TEAPOT ROSES,1
0.0159798149705635,REGENCY TEA PLATE ROSES,1
0.01363690976811246,REGENCY TEA PLATE GREEN,1
0.012916015859665985,REGENCY MILK JUG PINK,1
0.012195121951219513,REGENCY SUGAR BOWL GREEN,1
0.011113781088549803,REGENCY TEA PLATE PINK,1
0.03868797308662742,RABBIT NIGHT LIGHT,1
0.011654451519884658,PARISIENNE JEWELLERY DRAWER,1
0.010933557611438183,ZINC HERB GARDEN CONTAINER,1
0.016039889462934036,SET OF 10 LED DOLLY LIGHTS,1
0.011774600504625737,RED METAL BOX TOP SECRET,1
0.0114141535504025,PARISIENNE KEY CABINET,1
0.015799591493451882,BUNDLE OF 3 ALPHABET EXERCISE BOOKS,1
0.014838399615523249,SET 6 PAPER TABLE LANTERN HEARTS,1
0.012074972966478434,SILVER BELLS TABLE DECORATION,1
0.010272738195362249,SILVER STARS TABLE DECORATION,1
0.012014898474107893,LARGE CERAMIC TOP STORAGE JAR,1
0.01363690976811246,CLASSIC GLASS COOKIE JAR,1
0.01123393007329088,CLASSIC CAFE SUGAR DISPENSER,1
0.018022347711161842,JINGLE BELL HEART DECORATION,1
0.044575273338940284,GARDENERS KNEELING PAD KEEP CALM,1
0.03766670671632825,GARDENERS KNEELING PAD CUP OF TEA,1
0.010753334134326565,KNEELING MAT HOUSEWORK  DESIGN,1
0.011714526012255196,SET 6 PAPER TABLE LANTERN STARS,1
0.011534302535143579,JINGLE BELL HEART ANTIQUE SILVER,1
0.015138772077375946,SET OF 3 HANGING OWLS OLLIE BEAK,1
0.022227562177099605,SET OF 3 WOODEN HEART DECORATIONS,1
0.01585966598582242,SET OF 60 I LOVE LONDON CAKE CASES,1
0.025471584765108735,SET OF 60 PANTRY DESIGN CAKE CASES,1
0.015318995554487565,SET OF 60 VINTAGE LEAF CAKE CASES,1
0.0114141535504025,SET OF 4 KNICK KNACK TINS LONDON,1
0.01898353958909047,SET OF TEA COFFEE SUGAR TINS PANTRY,1
0.034422684128319114,SET OF 3 REGENCY CAKE TINS,1
0.014477952661300012,TREASURE TIN GYMKHANA DESIGN,1
0.014177580199447315,BISCUIT TIN 50'S CHRISTMAS,1
0.03412231166646642,SMALL WHITE HEART OF WICKER,1
0.011774600504625737,BUBBLEGUM RING ASSORTED,1
0.018683167127237776,ZINC FOLKART SLEIGH BELLS,1
0.014958548600264328,SET OF 3 WOODEN STOCKING DECORATION,1
0.013757058752853539,SET OF 3 WOODEN TREE DECORATIONS,1
0.01345668629100084,SET OF 3 WOODEN SLEIGH DECORATIONS,1
0.034723056590171816,POPCORN HOLDER,1
0.030097320677640274,LARGE WHITE HEART OF WICKER,1
0.022047338699987984,JUMBO BAG VINTAGE CHRISTMAS,1
0.01357683527574192,CHRISTMAS STAR WISH LIST CHALKBOARD,1
0.010813408626697104,VINTAGE DONKEY TAIL GAME,1
0.012976090352036526,BISCUIT TIN VINTAGE CHRISTMAS,1
0.011113781088549803,GLASS APOTHECARY BOTTLE PERFUME,1
0.01015258921062117,GLASS APOTHECARY BOTTLE TONIC,1
0.03262044935720293,JUMBO BAG 50'S CHRISTMAS,1
0.018863390604349394,PANTRY MAGNETIC  SHOPPING LIST,1
0.01591974047819296,WHITE WICKER STAR,1
0.01700108134086267,GIANT 50'S CHRISTMAS CRACKER,1
0.011053706596179262,VINTAGE LEAF MAGNETIC NOTEPAD,1
0.020725699867836116,VINTAGE CHRISTMAS BUNTING,1
0.023248828547398775,SET OF 12 FAIRY CAKE BAKING CASES,1
0.018022347711161842,SET OF 12 MINI LOAF BAKING CASES,1
0.01585966598582242,SET OF 6 TEA TIME BAKING CASES,1
0.014598101646041091,SET OF 6 SNACK LOAF BAKING CASES,1
0.019464135528054788,BOX OF 6 MINI 50'S CRACKERS,1
0.01808242220353238,BOX OF 6 MINI VINTAGE CRACKERS,1
0.011173855580920341,VINTAGE CHRISTMAS GIFT SACK,1
0.015379070046858104,VINTAGE CHRISTMAS STOCKING,1
0.013937282229965157,6 GIFT TAGS 50'S CHRISTMAS,1
0.012916015859665985,6 GIFT TAGS VINTAGE CHRISTMAS,1
0.013757058752853539,ROLL WRAP VINTAGE SPOT,1
0.01351676078337138,ROLL WRAP VINTAGE CHRISTMAS,1
0.015018623092634867,ROLL WRAP 50'S CHRISTMAS,1
0.014838399615523249,SET OF 4 KNICK KNACK TINS DOILY,1
0.0339420881893548,JUMBO BAG VINTAGE DOILY,1
0.028955905322600024,LUNCH BAG VINTAGE DOILY,1
0.015499219031599183,IVORY WICKER HEART LARGE,1
0.012615643397813289,DECORATIVE WICKER HEART LARGE,1
0.011354079058031959,DECORATIVE WICKER HEART MEDIUM,1
0.01249549441307221,IVORY WICKER HEART MEDIUM,1
0.01573951700108134,SET 6 SCHOOL MILK BOTTLES IN CRATE,1
0.025711882734590893,LOVE HOT WATER BOTTLE,1
0.04163162321278385,HOT WATER BOTTLE KEEP CALM,1
0.021626817253394208,HAND WARMER RED LOVE HEART,1
0.010633185149585486,3 DRAWER ANTIQUE WHITE WOOD CABINET,1
0.0114141535504025,HOME SWEET HOME CUSHION COVER,1
0.010272738195362249,HOME SWEET HOME HANGING HEART,1
0.019103688573831552,PLAYING CARDS KEEP CALM & CARRY ON,1
0.012195121951219513,SET 12 COLOUR PENCILS SPACEBOY,1
0.010993632103808723,PLAYING CARDS JUBILEE UNION JACK,1
0.018683167127237776,VINTAGE DOILY TRAVEL SEWING KIT,1
0.012976090352036526,TRADITIONAL PICK UP STICKS GAME,1
0.011894749489366814,TRADITIONAL NAUGHTS & CROSSES,1
0.012976090352036526,VINTAGE DOILY JUMBO BAG RED,1
0.016460410909527816,LUNCH BAG PAISLEY PARK,1
0.01706115583323321,JUMBO BAG PAISLEY PARK,1
0.01249549441307221,"HAND WARMER UNION JACK, HAND WARMER OWL DESIGN",2
0.011354079058031959,"HAND WARMER UNION JACK, HAND WARMER SCOTTY DOG DESIGN",2
0.015379070046858104,"WHITE HANGING HEART T-LIGHT HOLDER, ASSORTED COLOUR BIRD ORNAMENT",2
0.012195121951219513,"ASSORTED COLOUR BIRD ORNAMENT, REGENCY CAKESTAND 3 TIER",2
0.012135047458848972,"WHITE HANGING HEART T-LIGHT HOLDER, HOME BUILDING BLOCK WORD",2
0.01573951700108134,"LOVE BUILDING BLOCK WORD, HOME BUILDING BLOCK WORD",2
0.01033281268773279,"WHITE HANGING HEART T-LIGHT HOLDER, LOVE BUILDING BLOCK WORD",2
0.012555568905442748,"POPPY'S PLAYHOUSE KITCHEN, POPPY'S PLAYHOUSE BEDROOM",2
0.01237534542833113,"JAM MAKING SET WITH JARS, SET OF 3 CAKE TINS PANTRY DESIGN",2
0.018322720173014537,"WHITE HANGING HEART T-LIGHT HOLDER, WOODEN PICTURE FRAME WHITE FINISH",2
0.027514117505707078,"WOODEN PICTURE FRAME WHITE FINISH, WOODEN FRAME ANTIQUE WHITE",2
0.015018623092634867,"WHITE HANGING HEART T-LIGHT HOLDER, WOODEN FRAME ANTIQUE WHITE",2
0.010693259641956025,"WHITE HANGING HEART T-LIGHT HOLDER, WOODEN PICTURE FRAME WHITE FINISH, WOODEN FRAME ANTIQUE WHITE",3
0.011834674996996275,"WOODEN PICTURE FRAME WHITE FINISH, WOOD 2 DRAWER CABINET WHITE FINISH",2
0.011053706596179262,"WOODEN FRAME ANTIQUE WHITE, WOOD 2 DRAWER CABINET WHITE FINISH",2
0.010092514718250631,"WHITE HANGING HEART T-LIGHT HOLDER, WOOD 2 DRAWER CABINET WHITE FINISH",2
0.025711882734590893,"WHITE HANGING HEART T-LIGHT HOLDER, RED HANGING HEART T-LIGHT HOLDER",2
0.015078697585005407,"HOT WATER BOTTLE TEA AND SYMPATHY, CHOCOLATE HOT WATER BOTTLE",2
0.01351676078337138,"HOT WATER BOTTLE KEEP CALM, HOT WATER BOTTLE TEA AND SYMPATHY",2
0.013156313829148144,"WHITE HANGING HEART T-LIGHT HOLDER, LUNCH BAG RED RETROSPOT",2
0.02264808362369338,"LUNCH BAG RED RETROSPOT, JUMBO BAG RED RETROSPOT",2
0.013336537306259761,"JUMBO BAG PINK POLKADOT, LUNCH BAG RED RETROSPOT",2
0.030397693139492973,"JUMBO BAG PINK POLKADOT, JUMBO BAG RED RETROSPOT",2
0.011474228042773038,"JUMBO BAG PINK POLKADOT, LUNCH BAG  BLACK SKULL.",2
0.013877207737594618,"LUNCH BAG PINK POLKADOT, JUMBO BAG PINK POLKADOT",2
0.01033281268773279,"JUMBO BAG PINK POLKADOT, LUNCH BAG CARS BLUE",2
0.01033281268773279,"JUMBO BAG PINK POLKADOT, LUNCH BAG RED RETROSPOT, JUMBO BAG RED RETROSPOT",3
0.016280187432416195,"JUMBO BAG PINK POLKADOT, JUMBO STORAGE BAG SUKI",2
0.013276462813889223,"LUNCH BAG RED RETROSPOT, JUMBO STORAGE BAG SUKI",2
0.024510392887180103,"JUMBO STORAGE BAG SUKI, JUMBO BAG RED RETROSPOT",2
0.014538027153670552,"JUMBO STORAGE BAG SUKI, JUMBO SHOPPER VINTAGE RED PAISLEY",2
0.010873483119067644,"LUNCH BAG  BLACK SKULL., JUMBO STORAGE BAG SUKI",2
0.01021266370299171,"LUNCH BAG PINK POLKADOT, JUMBO STORAGE BAG SUKI",2
0.012916015859665985,"LUNCH BAG SUKI DESIGN, JUMBO STORAGE BAG SUKI",2
0.012735792382554368,"JUMBO BAG PINK POLKADOT, JUMBO STORAGE BAG SUKI, JUMBO BAG RED RETROSPOT",3
0.010873483119067644,"JUMBO SHOPPER VINTAGE RED PAISLEY, JUMBO STORAGE BAG SUKI, JUMBO BAG RED RETROSPOT",3
0.014598101646041091,"JUMBO BAG PINK POLKADOT, JUMBO  BAG BAROQUE BLACK WHITE",2
0.014297729184188394,"JUMBO STORAGE BAG SUKI, JUMBO  BAG BAROQUE BLACK WHITE",2
0.020845848852577196,"JUMBO  BAG BAROQUE BLACK WHITE, JUMBO BAG RED RETROSPOT",2
0.013817133245224078,"JUMBO  BAG BAROQUE BLACK WHITE, JUMBO SHOPPER VINTAGE RED PAISLEY",2
0.010513036164844407,"JUMBO BAG PINK POLKADOT, JUMBO  BAG BAROQUE BLACK WHITE, JUMBO BAG RED RETROSPOT",3
0.017301453802715368,"PACK OF 60 PINK PAISLEY CAKE CASES, PACK OF 72 RETROSPOT CAKE CASES",2
0.017421602787456445,"PACK OF 72 RETROSPOT CAKE CASES, 60 TEATIME FAIRY CAKE CASES",2
0.015078697585005407,"PACK OF 60 PINK PAISLEY CAKE CASES, 60 TEATIME FAIRY CAKE CASES",2
0.014297729184188394,"JUMBO BAG PINK POLKADOT, JUMBO BAG PINK VINTAGE PAISLEY",2
0.011173855580920341,"JUMBO STORAGE BAG SUKI, JUMBO BAG PINK VINTAGE PAISLEY",2
0.01814249669590292,"JUMBO BAG RED RETROSPOT, JUMBO BAG PINK VINTAGE PAISLEY",2
0.014357803676558933,"JUMBO SHOPPER VINTAGE RED PAISLEY, JUMBO BAG PINK VINTAGE PAISLEY",2
0.011534302535143579,"JUMBO BAG STRAWBERRY, JUMBO BAG PINK VINTAGE PAISLEY",2
0.010272738195362249,"JUMBO BAG PINK POLKADOT, JUMBO BAG RED RETROSPOT, JUMBO BAG PINK VINTAGE PAISLEY",3
0.013997356722335695,"PACK OF 72 RETROSPOT CAKE CASES, PACK OF 60 DINOSAUR CAKE CASES",2
0.012315270935960592,"PACK OF 60 DINOSAUR CAKE CASES, 60 TEATIME FAIRY CAKE CASES",2
0.011053706596179262,"PACK OF 60 PINK PAISLEY CAKE CASES, PACK OF 60 DINOSAUR CAKE CASES",2
0.016099963955304577,"STRAWBERRY CHARLOTTE BAG, RED RETROSPOT CHARLOTTE BAG",2
0.012735792382554368,"CHARLOTTE BAG SUKI DESIGN, STRAWBERRY CHARLOTTE BAG",2
0.015559293523969722,"JAM MAKING SET PRINTED, JAM MAKING SET WITH JARS",2
0.01033281268773279,"JAM MAKING SET PRINTED, SET OF 3 CAKE TINS PANTRY DESIGN",2
0.022407785654211223,"JUMBO SHOPPER VINTAGE RED PAISLEY, JUMBO BAG RED RETROSPOT",2
0.013817133245224078,"JUMBO BAG PINK POLKADOT, JUMBO SHOPPER VINTAGE RED PAISLEY",2
0.010753334134326565,"LUNCH BAG RED RETROSPOT, JUMBO SHOPPER VINTAGE RED PAISLEY",2
0.010573110657214946,"JUMBO BAG PINK POLKADOT, JUMBO SHOPPER VINTAGE RED PAISLEY, JUMBO BAG RED RETROSPOT",3
0.01129400456566142,"BAKING SET 9 PIECE RETROSPOT, RETROSPOT TEA SET CERAMIC 11 PC",2
0.013817133245224078,"GIN + TONIC DIET METAL SIGN, PLEASE ONE PERSON METAL SIGN",2
0.01585966598582242,"GIN + TONIC DIET METAL SIGN, COOK WITH WINE METAL SIGN",2
0.014958548600264328,"COOK WITH WINE METAL SIGN, PLEASE ONE PERSON METAL SIGN",2
0.015439144539228643,"COOK WITH WINE METAL SIGN, HAND OVER THE CHOCOLATE   SIGN",2
0.02727381953622492,"ALARM CLOCK BAKELIKE RED, ALARM CLOCK BAKELIKE GREEN",2
0.0156794425087108,"WHITE HANGING HEART T-LIGHT HOLDER, NATURAL SLATE HEART CHALKBOARD",2
0.015318995554487565,"WHITE HANGING HEART T-LIGHT HOLDER, HEART OF WICKER SMALL",2
0.02390964796347471,"HEART OF WICKER LARGE, HEART OF WICKER SMALL",2
0.017181304817974287,"WHITE HANGING HEART T-LIGHT HOLDER, HEART OF WICKER LARGE",2
0.018803316111978854,"LUNCH BAG DOLLY GIRL DESIGN, LUNCH BAG SPACEBOY DESIGN",2
0.016039889462934036,"LUNCH BAG RED RETROSPOT, LUNCH BAG DOLLY GIRL DESIGN",2
0.012855941367295447,"LUNCH BAG PINK POLKADOT, LUNCH BAG DOLLY GIRL DESIGN",2
0.012795866874924906,"LUNCH BAG WOODLAND, LUNCH BAG DOLLY GIRL DESIGN",2
0.014778325123152709,"LUNCH BAG  BLACK SKULL., LUNCH BAG DOLLY GIRL DESIGN",2
0.01357683527574192,"LUNCH BAG CARS BLUE, LUNCH BAG DOLLY GIRL DESIGN",2
0.014177580199447315,"LUNCH BAG SUKI DESIGN, LUNCH BAG DOLLY GIRL DESIGN",2
0.010813408626697104,"LUNCH BAG APPLE DESIGN, LUNCH BAG DOLLY GIRL DESIGN",2
0.011173855580920341,"LUNCH BAG RED RETROSPOT, LUNCH BAG DOLLY GIRL DESIGN, LUNCH BAG SPACEBOY DESIGN",3
0.01021266370299171,"LUNCH BAG  BLACK SKULL., LUNCH BAG DOLLY GIRL DESIGN, LUNCH BAG SPACEBOY DESIGN",3
0.014477952661300012,"WHITE HANGING HEART T-LIGHT HOLDER, JUMBO BAG RED RETROSPOT",2
0.026252553165925747,"PAPER CHAIN KIT VINTAGE CHRISTMAS, PAPER CHAIN KIT 50'S CHRISTMAS",2
0.012315270935960592,"RETROSPOT HEART HOT WATER BOTTLE, SCOTTIE DOG HOT WATER BOTTLE",2
0.010092514718250631,"RETROSPOT HEART HOT WATER BOTTLE, CHOCOLATE HOT WATER BOTTLE",2
0.013817133245224078,"PLEASE ONE PERSON METAL SIGN, HAND OVER THE CHOCOLATE   SIGN",2
0.01471825063078217,"GIN + TONIC DIET METAL SIGN, HAND OVER THE CHOCOLATE   SIGN",2
0.016700708879009974,"HAND WARMER OWL DESIGN, HAND WARMER SCOTTY DOG DESIGN",2
0.010993632103808723,"HAND WARMER RED RETROSPOT, HAND WARMER OWL DESIGN",2
0.010573110657214946,"HAND WARMER RED RETROSPOT, HAND WARMER SCOTTY DOG DESIGN",2
0.014237654691817854,"HAND WARMER BIRD DESIGN, HAND WARMER SCOTTY DOG DESIGN",2
0.015559293523969722,"HAND WARMER OWL DESIGN, HAND WARMER BIRD DESIGN",2
0.01700108134086267,"ALARM CLOCK BAKELIKE RED, ALARM CLOCK BAKELIKE IVORY",2
0.014898474107893788,"ALARM CLOCK BAKELIKE IVORY, ALARM CLOCK BAKELIKE GREEN",2
0.01243541992070167,"ALARM CLOCK BAKELIKE IVORY, ALARM CLOCK BAKELIKE PINK",2
0.011534302535143579,"ALARM CLOCK BAKELIKE RED, ALARM CLOCK BAKELIKE IVORY, ALARM CLOCK BAKELIKE GREEN",3
0.012615643397813289,"ALARM CLOCK BAKELIKE RED, ALARM CLOCK BAKELIKE ORANGE",2
0.0114141535504025,"ALARM CLOCK BAKELIKE ORANGE, ALARM CLOCK BAKELIKE GREEN",2
0.014477952661300012,"HOT WATER BOTTLE KEEP CALM, CHOCOLATE HOT WATER BOTTLE",2
0.013817133245224078,"CHOCOLATE HOT WATER BOTTLE, SCOTTIE DOG HOT WATER BOTTLE",2
0.010633185149585486,"HOT WATER BOTTLE KEEP CALM, SCOTTIE DOG HOT WATER BOTTLE",2
0.016520485401898353,"HOT WATER BOTTLE I AM SO POORLY, CHOCOLATE HOT WATER BOTTLE",2
0.010933557611438183,"HOT WATER BOTTLE TEA AND SYMPATHY, HOT WATER BOTTLE I AM SO POORLY",2
0.011053706596179262,"HOT WATER BOTTLE KEEP CALM, HOT WATER BOTTLE I AM SO POORLY",2
0.024630541871921183,"LUNCH BAG RED RETROSPOT, LUNCH BAG SPACEBOY DESIGN",2
0.010753334134326565,"WHITE HANGING HEART T-LIGHT HOLDER, LUNCH BAG SPACEBOY DESIGN",2
0.023368977532139852,"LUNCH BAG  BLACK SKULL., LUNCH BAG SPACEBOY DESIGN",2
0.021807040730505826,"LUNCH BAG CARS BLUE, LUNCH BAG SPACEBOY DESIGN",2
0.0114141535504025,"JUMBO BAG RED RETROSPOT, LUNCH BAG SPACEBOY DESIGN",2
0.014237654691817854,"LUNCH BAG  BLACK SKULL., LUNCH BAG RED RETROSPOT, LUNCH BAG SPACEBOY DESIGN",3
0.012976090352036526,"LUNCH BAG CARS BLUE, LUNCH BAG RED RETROSPOT, LUNCH BAG SPACEBOY DESIGN",3
0.012555568905442748,"LUNCH BAG  BLACK SKULL., LUNCH BAG CARS BLUE, LUNCH BAG SPACEBOY DESIGN",3
0.02829508590652409,"LUNCH BAG PINK POLKADOT, LUNCH BAG RED RETROSPOT",2
0.02006488045176018,"LUNCH BAG PINK POLKADOT, LUNCH BAG SPACEBOY DESIGN",2
0.011474228042773038,"LUNCH BAG PINK POLKADOT, WHITE HANGING HEART T-LIGHT HOLDER",2
0.026552925627778445,"LUNCH BAG PINK POLKADOT, LUNCH BAG  BLACK SKULL.",2
0.023789498978733628,"LUNCH BAG PINK POLKADOT, LUNCH BAG CARS BLUE",2
0.015198846569746486,"LUNCH BAG PINK POLKADOT, JUMBO BAG RED RETROSPOT",2
0.013757058752853539,"LUNCH BAG PINK POLKADOT, LUNCH BAG RED RETROSPOT, LUNCH BAG SPACEBOY DESIGN",3
0.012855941367295447,"LUNCH BAG PINK POLKADOT, LUNCH BAG  BLACK SKULL., LUNCH BAG SPACEBOY DESIGN",3
0.01249549441307221,"LUNCH BAG PINK POLKADOT, LUNCH BAG CARS BLUE, LUNCH BAG SPACEBOY DESIGN",3
0.017601826264568063,"LUNCH BAG PINK POLKADOT, LUNCH BAG  BLACK SKULL., LUNCH BAG RED RETROSPOT",3
0.015258921062117025,"LUNCH BAG PINK POLKADOT, LUNCH BAG CARS BLUE, LUNCH BAG RED RETROSPOT",3
0.015018623092634867,"LUNCH BAG PINK POLKADOT, LUNCH BAG  BLACK SKULL., LUNCH BAG CARS BLUE",3
0.01021266370299171,"LUNCH BAG PINK POLKADOT, LUNCH BAG RED RETROSPOT, JUMBO BAG RED RETROSPOT",3
0.021867115222876366,"LUNCH BAG RED RETROSPOT, LUNCH BAG WOODLAND",2
0.020785774360206656,"LUNCH BAG WOODLAND, LUNCH BAG SPACEBOY DESIGN",2
0.017181304817974287,"LUNCH BAG PINK POLKADOT, LUNCH BAG WOODLAND",2
0.019464135528054788,"LUNCH BAG  BLACK SKULL., LUNCH BAG WOODLAND",2
0.01916376306620209,"LUNCH BAG CARS BLUE, LUNCH BAG WOODLAND",2
0.016640634386639434,"LUNCH BAG SUKI DESIGN, LUNCH BAG WOODLAND",2
0.01471825063078217,"LUNCH BAG APPLE DESIGN, LUNCH BAG WOODLAND",2
0.013396611798630302,"LUNCH BAG RED RETROSPOT, LUNCH BAG WOODLAND, LUNCH BAG SPACEBOY DESIGN",3
0.012735792382554368,"LUNCH BAG PINK POLKADOT, LUNCH BAG RED RETROSPOT, LUNCH BAG WOODLAND",3
0.010933557611438183,"LUNCH BAG PINK POLKADOT, LUNCH BAG WOODLAND, LUNCH BAG SPACEBOY DESIGN",3
0.011354079058031959,"LUNCH BAG PINK POLKADOT, LUNCH BAG  BLACK SKULL., LUNCH BAG WOODLAND",3
0.010933557611438183,"LUNCH BAG PINK POLKADOT, LUNCH BAG CARS BLUE, LUNCH BAG WOODLAND",3
0.012855941367295447,"LUNCH BAG  BLACK SKULL., LUNCH BAG RED RETROSPOT, LUNCH BAG WOODLAND",3
0.011594377027514117,"LUNCH BAG  BLACK SKULL., LUNCH BAG WOODLAND, LUNCH BAG SPACEBOY DESIGN",3
0.01243541992070167,"LUNCH BAG CARS BLUE, LUNCH BAG RED RETROSPOT, LUNCH BAG WOODLAND",3
0.011714526012255196,"LUNCH BAG CARS BLUE, LUNCH BAG WOODLAND, LUNCH BAG SPACEBOY DESIGN",3
0.011173855580920341,"LUNCH BAG  BLACK SKULL., LUNCH BAG WOODLAND, LUNCH BAG CARS BLUE",3
0.010633185149585486,"LUNCH BAG SUKI DESIGN, LUNCH BAG  BLACK SKULL., LUNCH BAG WOODLAND",3
0.01003244022588009,"LUNCH BAG SUKI DESIGN, LUNCH BAG CARS BLUE, LUNCH BAG WOODLAND",3
0.011774600504625737,"LUNCH BAG SUKI DESIGN, LUNCH BAG RED RETROSPOT, LUNCH BAG WOODLAND",3
0.010452961672473868,"PLEASE ONE PERSON METAL SIGN, LADIES & GENTLEMEN METAL SIGN",2
0.014117505707076775,"WHITE HANGING HEART T-LIGHT HOLDER, CANDLEHOLDER PINK HANGING HEART",2
0.013276462813889223,"BATHROOM METAL SIGN, TOILET METAL SIGN",2
0.01021266370299171,"BATHROOM METAL SIGN, KITCHEN METAL SIGN",2
0.029076054307341104,"LUNCH BAG  BLACK SKULL., LUNCH BAG RED RETROSPOT",2
0.0156794425087108,"LUNCH BAG  BLACK SKULL., JUMBO BAG RED RETROSPOT",2
0.010873483119067644,"WHITE HANGING HEART T-LIGHT HOLDER, LUNCH BAG  BLACK SKULL.",2
0.01015258921062117,"LUNCH BAG  BLACK SKULL., LUNCH BAG RED RETROSPOT, JUMBO BAG RED RETROSPOT",3
0.024149945932956867,"LUNCH BAG  BLACK SKULL., LUNCH BAG CARS BLUE",2
0.0248107653490328,"LUNCH BAG CARS BLUE, LUNCH BAG RED RETROSPOT",2
0.010933557611438183,"WHITE HANGING HEART T-LIGHT HOLDER, LUNCH BAG CARS BLUE",2
0.013937282229965157,"LUNCH BAG CARS BLUE, JUMBO BAG RED RETROSPOT",2
0.014838399615523249,"LUNCH BAG  BLACK SKULL., LUNCH BAG RED RETROSPOT, LUNCH BAG CARS BLUE",3
0.013156313829148144,"SET OF 3 BUTTERFLY COOKIE CUTTERS, SET OF 3 HEART COOKIE CUTTERS",2
0.011834674996996275,"72 SWEETHEART FAIRY CAKE CASES, PACK OF 72 RETROSPOT CAKE CASES",2
0.010452961672473868,"72 SWEETHEART FAIRY CAKE CASES, PACK OF 60 DINOSAUR CAKE CASES",2
0.011774600504625737,"72 SWEETHEART FAIRY CAKE CASES, 60 TEATIME FAIRY CAKE CASES",2
0.012675717890183827,"PACK OF 72 SKULL CAKE CASES, PACK OF 72 RETROSPOT CAKE CASES",2
0.010513036164844407,"PACK OF 72 SKULL CAKE CASES, PACK OF 60 DINOSAUR CAKE CASES",2
0.010092514718250631,"SET/5 RED RETROSPOT LID GLASS BOWLS, WHITE HANGING HEART T-LIGHT HOLDER",2
0.01345668629100084,"RED  HARMONICA IN BOX, BLUE HARMONICA IN BOX",2
0.02372942448636309,"JUMBO BAG STRAWBERRY, JUMBO BAG RED RETROSPOT",2
0.012735792382554368,"JUMBO BAG STRAWBERRY, JUMBO STORAGE BAG SUKI",2
0.01706115583323321,"JUMBO BAG PINK POLKADOT, JUMBO BAG STRAWBERRY",2
0.012014898474107893,"JUMBO BAG STRAWBERRY, JUMBO  BAG BAROQUE BLACK WHITE",2
0.01003244022588009,"JUMBO BAG STRAWBERRY, JUMBO SHOPPER VINTAGE RED PAISLEY",2
0.01003244022588009,"JUMBO BAG STRAWBERRY, JUMBO BAG RED RETROSPOT, JUMBO STORAGE BAG SUKI",3
0.01351676078337138,"JUMBO BAG PINK POLKADOT, JUMBO BAG STRAWBERRY, JUMBO BAG RED RETROSPOT",3
0.010873483119067644,"JUMBO BAG OWLS, JUMBO BAG RED RETROSPOT",2
0.018803316111978854,"SPACEBOY LUNCH BOX, DOLLY GIRL LUNCH BOX",2
0.011053706596179262,"CHRISTMAS CRAFT LITTLE FRIENDS, CHRISTMAS CRAFT TREE TOP ANGEL",2
0.011474228042773038,"FELTCRAFT CUSHION OWL, FELTCRAFT CUSHION RABBIT",2
0.0114141535504025,"FELTCRAFT CUSHION RABBIT, FELTCRAFT CUSHION BUTTERFLY",2
0.014538027153670552,"VINTAGE HEADS AND TAILS CARD GAME, VINTAGE SNAP CARDS",2
0.010272738195362249,"SET OF 20 VINTAGE CHRISTMAS NAPKINS, 60 CAKE CASES VINTAGE CHRISTMAS",2
0.010633185149585486,"PLASTERS IN TIN SPACEBOY, PLASTERS IN TIN WOODLAND ANIMALS",2
0.012855941367295447,"FELTCRAFT PRINCESS CHARLOTTE DOLL, FELTCRAFT PRINCESS LOLA DOLL",2
0.01021266370299171,"WHITE HANGING HEART T-LIGHT HOLDER, ZINC METAL HEART DECORATION",2
0.011354079058031959,"CHRISTMAS CRAFT LITTLE FRIENDS, CHRISTMAS CRAFT WHITE FAIRY",2
0.013156313829148144,"WHITE HANGING HEART T-LIGHT HOLDER, REGENCY CAKESTAND 3 TIER",2
0.014357803676558933,"JUMBO BAG RED RETROSPOT, JUMBO STORAGE BAG SKULLS",2
0.012074972966478434,"JUMBO BAG PINK POLKADOT, JUMBO STORAGE BAG SKULLS",2
0.011654451519884658,"JUMBO STORAGE BAG SUKI, JUMBO STORAGE BAG SKULLS",2
0.010873483119067644,"LUNCH BAG  BLACK SKULL., JUMBO STORAGE BAG SKULLS",2
0.01015258921062117,"HERB MARKER ROSEMARY, HERB MARKER THYME",2
0.02114622131442989,"ROSES REGENCY TEACUP AND SAUCER, REGENCY CAKESTAND 3 TIER",2
0.028595458368376788,"ROSES REGENCY TEACUP AND SAUCER, GREEN REGENCY TEACUP AND SAUCER",2
0.01928391205094317,"GREEN REGENCY TEACUP AND SAUCER, REGENCY CAKESTAND 3 TIER",2
0.01591974047819296,"ROSES REGENCY TEACUP AND SAUCER, GREEN REGENCY TEACUP AND SAUCER, REGENCY CAKESTAND 3 TIER",3
0.012555568905442748,"IVORY KITCHEN SCALES, RED KITCHEN SCALES",2
0.010633185149585486,"RED DINER WALL CLOCK, IVORY DINER WALL CLOCK",2
0.012074972966478434,"JUMBO BAG RED RETROSPOT, JUMBO BAG WOODLAND ANIMALS",2
0.01003244022588009,"JUMBO BAG PINK POLKADOT, JUMBO BAG WOODLAND ANIMALS",2
0.01465817613841163,"RECIPE BOX PANTRY YELLOW DESIGN, SET OF 3 CAKE TINS PANTRY DESIGN",2
0.010993632103808723,"RECIPE BOX RETROSPOT, RECIPE BOX PANTRY YELLOW DESIGN",2
0.011053706596179262,"STRAWBERRY CERAMIC TRINKET BOX, SWEETHEART CERAMIC TRINKET BOX",2
0.011053706596179262,"BLUE STRIPE CERAMIC DRAWER KNOB, RED STRIPE CERAMIC DRAWER KNOB",2
0.01249549441307221,"WOODEN TREE CHRISTMAS SCANDINAVIAN, WOODEN STAR CHRISTMAS SCANDINAVIAN",2
0.010993632103808723,"WOODEN TREE CHRISTMAS SCANDINAVIAN, WOODEN HEART CHRISTMAS SCANDINAVIAN",2
0.01021266370299171,"WOODEN TREE CHRISTMAS SCANDINAVIAN, WOODEN STAR CHRISTMAS SCANDINAVIAN, WOODEN HEART CHRISTMAS SCANDINAVIAN",3
0.018022347711161842,"WOODEN STAR CHRISTMAS SCANDINAVIAN, WOODEN HEART CHRISTMAS SCANDINAVIAN",2
0.01345668629100084,"PINK BLUE FELT CRAFT TRINKET BOX, PINK CREAM FELT CRAFT TRINKET BOX",2
0.016580559894268893,"ALARM CLOCK BAKELIKE PINK, ALARM CLOCK BAKELIKE GREEN",2
0.01922383755857263,"ALARM CLOCK BAKELIKE RED, ALARM CLOCK BAKELIKE PINK",2
0.012675717890183827,"ALARM CLOCK BAKELIKE RED, ALARM CLOCK BAKELIKE PINK, ALARM CLOCK BAKELIKE GREEN",3
0.010933557611438183,"ALARM CLOCK BAKELIKE CHOCOLATE, ALARM CLOCK BAKELIKE GREEN",2
0.01129400456566142,"ALARM CLOCK BAKELIKE RED, ALARM CLOCK BAKELIKE CHOCOLATE",2
0.0159798149705635,"CHARLOTTE BAG SUKI DESIGN, RED RETROSPOT CHARLOTTE BAG",2
0.01003244022588009,"CHARLOTTE BAG SUKI DESIGN, LUNCH BAG RED RETROSPOT",2
0.014598101646041091,"PAINTED METAL PEARS ASSORTED, ASSORTED COLOUR BIRD ORNAMENT",2
0.01573951700108134,"BAKING SET 9 PIECE RETROSPOT, BAKING SET SPACEBOY DESIGN",2
0.013036164844407064,"BLUE HAPPY BIRTHDAY BUNTING, PINK HAPPY BIRTHDAY BUNTING",2
0.013696984260482999,"JUMBO BAG RED RETROSPOT, JUMBO BAG SPACEBOY DESIGN",2
0.011113781088549803,"JUMBO STORAGE BAG SUKI, JUMBO BAG SPACEBOY DESIGN",2
0.010993632103808723,"JUMBO BAG PINK POLKADOT, JUMBO BAG SPACEBOY DESIGN",2
0.01003244022588009,"PINK FAIRY CAKE CHILDRENS APRON, CHILDRENS APRON SPACEBOY DESIGN",2
0.01015258921062117,"POPPY'S PLAYHOUSE LIVINGROOM, POPPY'S PLAYHOUSE BEDROOM",2
0.010693259641956025,"POPPY'S PLAYHOUSE KITCHEN, POPPY'S PLAYHOUSE LIVINGROOM",2
0.01243541992070167,"LUNCH BAG RED RETROSPOT, RED RETROSPOT CHARLOTTE BAG",2
0.011474228042773038,"LUNCH BAG  BLACK SKULL., RED RETROSPOT CHARLOTTE BAG",2
0.014177580199447315,"RED RETROSPOT CHARLOTTE BAG, JUMBO BAG RED RETROSPOT",2
0.01682085786375105,"RED RETROSPOT CHARLOTTE BAG, CHARLOTTE BAG PINK POLKADOT",2
0.012074972966478434,"CHARLOTTE BAG SUKI DESIGN, CHARLOTTE BAG PINK POLKADOT",2
0.011534302535143579,"STRAWBERRY CHARLOTTE BAG, CHARLOTTE BAG PINK POLKADOT",2
0.012916015859665985,"RED RETROSPOT CHARLOTTE BAG, WOODLAND CHARLOTTE BAG",2
0.012014898474107893,"CHARLOTTE BAG SUKI DESIGN, WOODLAND CHARLOTTE BAG",2
0.010933557611438183,"STRAWBERRY CHARLOTTE BAG, WOODLAND CHARLOTTE BAG",2
0.010933557611438183,"SCANDINAVIAN PAISLEY PICNIC BAG, PINK VINTAGE PAISLEY PICNIC BAG",2
0.011954823981737354,"PARTY BUNTING, REGENCY CAKESTAND 3 TIER",2
0.011113781088549803,"ASSORTED COLOUR BIRD ORNAMENT, PARTY BUNTING",2
0.016160038447675117,"WHITE HANGING HEART T-LIGHT HOLDER, PARTY BUNTING",2
0.010272738195362249,"JUMBO BAG RED RETROSPOT, PARTY BUNTING",2
0.012675717890183827,"SMALL MARSHMALLOWS PINK BOWL, SMALL DOLLY MIX DESIGN ORANGE BOWL",2
0.024270094917697944,"PINK REGENCY TEACUP AND SAUCER, GREEN REGENCY TEACUP AND SAUCER",2
0.01591974047819296,"PINK REGENCY TEACUP AND SAUCER, REGENCY CAKESTAND 3 TIER",2
0.023008530577916617,"PINK REGENCY TEACUP AND SAUCER, ROSES REGENCY TEACUP AND SAUCER",2
0.013817133245224078,"PINK REGENCY TEACUP AND SAUCER, GREEN REGENCY TEACUP AND SAUCER, REGENCY CAKESTAND 3 TIER",3
0.01351676078337138,"PINK REGENCY TEACUP AND SAUCER, ROSES REGENCY TEACUP AND SAUCER, REGENCY CAKESTAND 3 TIER",3
0.020485401898353958,"PINK REGENCY TEACUP AND SAUCER, ROSES REGENCY TEACUP AND SAUCER, GREEN REGENCY TEACUP AND SAUCER",3
0.011173855580920341,"WHITE HANGING HEART T-LIGHT HOLDER, SET OF 3 CAKE TINS PANTRY DESIGN",2
0.010272738195362249,"SET OF 3 CAKE TINS PANTRY DESIGN, REGENCY CAKESTAND 3 TIER",2
0.016340261924786735,"SET OF 6 SPICE TINS PANTRY DESIGN, SET OF 3 CAKE TINS PANTRY DESIGN",2
0.010813408626697104,"SET OF 4 PANTRY JELLY MOULDS, SET OF 3 CAKE TINS PANTRY DESIGN",2
0.024630541871921183,"LUNCH BAG SUKI DESIGN, LUNCH BAG RED RETROSPOT",2
0.021807040730505826,"LUNCH BAG SUKI DESIGN, LUNCH BAG CARS BLUE",2
0.020905923344947737,"LUNCH BAG SUKI DESIGN, LUNCH BAG SPACEBOY DESIGN",2
0.020004805959389645,"LUNCH BAG SUKI DESIGN, LUNCH BAG PINK POLKADOT",2
0.02360927550162201,"LUNCH BAG SUKI DESIGN, LUNCH BAG  BLACK SKULL.",2
0.012916015859665985,"LUNCH BAG SUKI DESIGN, JUMBO BAG RED RETROSPOT",2
0.010693259641956025,"LUNCH BAG SUKI DESIGN, WHITE HANGING HEART T-LIGHT HOLDER",2
0.012976090352036526,"LUNCH BAG SUKI DESIGN, LUNCH BAG CARS BLUE, LUNCH BAG RED RETROSPOT",3
0.012855941367295447,"LUNCH BAG SUKI DESIGN, LUNCH BAG  BLACK SKULL., LUNCH BAG CARS BLUE",3
0.012615643397813289,"LUNCH BAG SUKI DESIGN, LUNCH BAG RED RETROSPOT, LUNCH BAG SPACEBOY DESIGN",3
0.011474228042773038,"LUNCH BAG SUKI DESIGN, LUNCH BAG CARS BLUE, LUNCH BAG SPACEBOY DESIGN",3
0.01243541992070167,"LUNCH BAG SUKI DESIGN, LUNCH BAG  BLACK SKULL., LUNCH BAG SPACEBOY DESIGN",3
0.013937282229965157,"LUNCH BAG SUKI DESIGN, LUNCH BAG RED RETROSPOT, LUNCH BAG PINK POLKADOT",3
0.0114141535504025,"LUNCH BAG SUKI DESIGN, LUNCH BAG CARS BLUE, LUNCH BAG PINK POLKADOT",3
0.012855941367295447,"LUNCH BAG SUKI DESIGN, LUNCH BAG  BLACK SKULL., LUNCH BAG PINK POLKADOT",3
0.014477952661300012,"LUNCH BAG SUKI DESIGN, LUNCH BAG  BLACK SKULL., LUNCH BAG RED RETROSPOT",3
0.014898474107893788,"JUMBO BAG SCANDINAVIAN BLUE PAISLEY, JUMBO BAG RED RETROSPOT",2
0.013336537306259761,"JUMBO BAG SCANDINAVIAN BLUE PAISLEY, JUMBO BAG PINK VINTAGE PAISLEY",2
0.010573110657214946,"JUMBO BAG PINK POLKADOT, JUMBO BAG SCANDINAVIAN BLUE PAISLEY",2
0.011113781088549803,"JUMBO BAG SCANDINAVIAN BLUE PAISLEY, JUMBO SHOPPER VINTAGE RED PAISLEY",2
0.020004805959389645,"LUNCH BAG APPLE DESIGN, LUNCH BAG RED RETROSPOT",2
0.016099963955304577,"LUNCH BAG APPLE DESIGN, LUNCH BAG CARS BLUE",2
0.019764507989907486,"LUNCH BAG SUKI DESIGN, LUNCH BAG APPLE DESIGN",2
0.01585966598582242,"LUNCH BAG APPLE DESIGN, LUNCH BAG SPACEBOY DESIGN",2
0.011774600504625737,"LUNCH BAG APPLE DESIGN, JUMBO BAG RED RETROSPOT",2
0.01814249669590292,"LUNCH BAG  BLACK SKULL., LUNCH BAG APPLE DESIGN",2
0.016039889462934036,"LUNCH BAG PINK POLKADOT, LUNCH BAG APPLE DESIGN",2
0.01015258921062117,"LUNCH BAG SUKI DESIGN, LUNCH BAG APPLE DESIGN, LUNCH BAG CARS BLUE",3
0.011774600504625737,"LUNCH BAG SUKI DESIGN, LUNCH BAG APPLE DESIGN, LUNCH BAG RED RETROSPOT",3
0.01021266370299171,"LUNCH BAG APPLE DESIGN, LUNCH BAG RED RETROSPOT, LUNCH BAG SPACEBOY DESIGN",3
0.011654451519884658,"LUNCH BAG SUKI DESIGN, LUNCH BAG  BLACK SKULL., LUNCH BAG APPLE DESIGN",3
0.011594377027514117,"LUNCH BAG  BLACK SKULL., LUNCH BAG RED RETROSPOT, LUNCH BAG APPLE DESIGN",3
0.010573110657214946,"LUNCH BAG PINK POLKADOT, LUNCH BAG APPLE DESIGN, LUNCH BAG RED RETROSPOT",3
0.010813408626697104,"JUMBO BAG ALPHABET, JUMBO STORAGE BAG SUKI",2
0.01676078337138051,"JUMBO BAG ALPHABET, JUMBO BAG RED RETROSPOT",2
0.0114141535504025,"JUMBO BAG PINK POLKADOT, JUMBO BAG ALPHABET",2
0.014477952661300012,"JUMBO BAG ALPHABET, JUMBO BAG VINTAGE LEAF",2
0.015318995554487565,"LUNCH BAG APPLE DESIGN, JUMBO BAG APPLES",2
0.015258921062117025,"JUMBO BAG ALPHABET, JUMBO BAG APPLES",2
0.010753334134326565,"JUMBO STORAGE BAG SUKI, JUMBO BAG APPLES",2
0.010573110657214946,"LUNCH BAG RED RETROSPOT, JUMBO BAG APPLES",2
0.018803316111978854,"JUMBO BAG RED RETROSPOT, JUMBO BAG APPLES",2
0.01243541992070167,"JUMBO BAG PINK POLKADOT, JUMBO BAG APPLES",2
0.015559293523969722,"JUMBO BAG VINTAGE LEAF, JUMBO BAG APPLES",2
0.016460410909527816,"LUNCH BAG APPLE DESIGN, LUNCH BAG ALPHABET DESIGN",2
0.014357803676558933,"LUNCH BAG RED RETROSPOT, LUNCH BAG ALPHABET DESIGN",2
0.013156313829148144,"LUNCH BAG CARS BLUE, LUNCH BAG ALPHABET DESIGN",2
0.012735792382554368,"JUMBO BAG ALPHABET, LUNCH BAG ALPHABET DESIGN",2
0.014357803676558933,"LUNCH BAG SUKI DESIGN, LUNCH BAG ALPHABET DESIGN",2
0.013396611798630302,"LUNCH BAG SPACEBOY DESIGN, LUNCH BAG ALPHABET DESIGN",2
0.013997356722335695,"LUNCH BAG  BLACK SKULL., LUNCH BAG ALPHABET DESIGN",2
0.012615643397813289,"LUNCH BAG PINK POLKADOT, LUNCH BAG ALPHABET DESIGN",2
0.010933557611438183,"LUNCH BAG WOODLAND, LUNCH BAG ALPHABET DESIGN",2
0.010513036164844407,"CHARLOTTE BAG APPLES DESIGN, RED RETROSPOT CHARLOTTE BAG",2
0.01363690976811246,"LUNCH BAG VINTAGE LEAF DESIGN, LUNCH BAG ALPHABET DESIGN",2
0.01676078337138051,"LUNCH BAG APPLE DESIGN, LUNCH BAG VINTAGE LEAF DESIGN",2
0.014958548600264328,"LUNCH BAG RED RETROSPOT, LUNCH BAG VINTAGE LEAF DESIGN",2
0.014297729184188394,"LUNCH BAG SUKI DESIGN, LUNCH BAG VINTAGE LEAF DESIGN",2
0.01243541992070167,"LUNCH BAG VINTAGE LEAF DESIGN, LUNCH BAG SPACEBOY DESIGN",2
0.014357803676558933,"LUNCH BAG  BLACK SKULL., LUNCH BAG VINTAGE LEAF DESIGN",2
0.011474228042773038,"LUNCH BAG CARS BLUE, LUNCH BAG VINTAGE LEAF DESIGN",2
0.0114141535504025,"LUNCH BAG PINK POLKADOT, LUNCH BAG VINTAGE LEAF DESIGN",2
0.010573110657214946,"LUNCH BAG WOODLAND, LUNCH BAG VINTAGE LEAF DESIGN",2
0.0114141535504025,"JUMBO BAG VINTAGE LEAF, LUNCH BAG VINTAGE LEAF DESIGN",2
0.02156674276102367,"SPOTTY BUNTING, PARTY BUNTING",2
0.01033281268773279,"LUNCH BAG APPLE DESIGN, LUNCH BAG DOILEY PATTERN",2
0.01676078337138051,"JUMBO BAG APPLES, JUMBO BAG PEARS",2
0.01351676078337138,"JUMBO BAG VINTAGE LEAF, JUMBO BAG PEARS",2
0.011173855580920341,"JUMBO BAG RED RETROSPOT, JUMBO BAG PEARS",2
0.010392887180103328,"JUMBO BAG APPLES, JUMBO BAG VINTAGE LEAF, JUMBO BAG PEARS",3
0.01129400456566142,"JUMBO BAG DOILEY PATTERNS, LUNCH BAG DOILEY PATTERN",2
0.011173855580920341,"JUMBO BAG DOILEY PATTERNS, JUMBO BAG VINTAGE LEAF",2
0.019464135528054788,"JUMBO BAG VINTAGE LEAF, JUMBO BAG RED RETROSPOT",2
0.011534302535143579,"JUMBO BAG PINK POLKADOT, JUMBO BAG VINTAGE LEAF",2
0.011354079058031959,"JUMBO BAG VINTAGE LEAF, JUMBO STORAGE BAG SUKI",2
0.011954823981737354,"JUMBO BAG VINTAGE LEAF, JUMBO SHOPPER VINTAGE RED PAISLEY",2
0.010272738195362249,"JUMBO BAG VINTAGE LEAF, LUNCH BAG RED RETROSPOT",2
0.011534302535143579,"REGENCY TEA PLATE GREEN, REGENCY TEA PLATE ROSES",2
0.027514117505707078,"GARDENERS KNEELING PAD KEEP CALM, GARDENERS KNEELING PAD CUP OF TEA",2
0.010813408626697104,"SET OF TEA COFFEE SUGAR TINS PANTRY, SET OF 3 CAKE TINS PANTRY DESIGN",2
0.010993632103808723,"SET OF 3 REGENCY CAKE TINS, REGENCY CAKESTAND 3 TIER",2
0.011714526012255196,"SMALL WHITE HEART OF WICKER, HEART OF WICKER SMALL",2
0.01021266370299171,"WHITE HANGING HEART T-LIGHT HOLDER, SMALL WHITE HEART OF WICKER",2
0.01033281268773279,"SET OF 3 WOODEN HEART DECORATIONS, SET OF 3 WOODEN STOCKING DECORATION",2
0.01033281268773279,"SET OF 3 WOODEN STOCKING DECORATION, SET OF 3 WOODEN TREE DECORATIONS",2
0.016640634386639434,"LARGE WHITE HEART OF WICKER, SMALL WHITE HEART OF WICKER",2
0.011474228042773038,"LARGE WHITE HEART OF WICKER, HEART OF WICKER LARGE",2
0.014177580199447315,"JUMBO BAG VINTAGE CHRISTMAS, JUMBO BAG 50'S CHRISTMAS",2
0.010633185149585486,"PAPER CHAIN KIT 50'S CHRISTMAS, JUMBO BAG 50'S CHRISTMAS",2
0.012135047458848972,"SET OF 12 FAIRY CAKE BAKING CASES, SET OF 12 MINI LOAF BAKING CASES",2
0.010452961672473868,"SET OF 12 FAIRY CAKE BAKING CASES, SET OF 6 TEA TIME BAKING CASES",2
0.010092514718250631,"SET OF 12 FAIRY CAKE BAKING CASES, SET OF 6 SNACK LOAF BAKING CASES",2
0.01591974047819296,"JUMBO BAG VINTAGE DOILY, JUMBO BAG RED RETROSPOT",2
0.012555568905442748,"JUMBO BAG VINTAGE DOILY, JUMBO BAG VINTAGE LEAF",2
0.01363690976811246,"LUNCH BAG VINTAGE DOILY, LUNCH BAG RED RETROSPOT",2
0.012074972966478434,"LUNCH BAG VINTAGE DOILY, JUMBO BAG VINTAGE DOILY",2
0.011474228042773038,"LUNCH BAG VINTAGE DOILY, LUNCH BAG  BLACK SKULL.",2
0.010693259641956025,"LUNCH BAG SUKI DESIGN, LUNCH BAG VINTAGE DOILY",2
0.010092514718250631,"LUNCH BAG VINTAGE DOILY, LUNCH BAG SPACEBOY DESIGN",2
0.01003244022588009,"LUNCH BAG VINTAGE DOILY, LUNCH BAG PINK POLKADOT",2
0.010272738195362249,"LUNCH BAG VINTAGE DOILY, LUNCH BAG APPLE DESIGN",2
0.012615643397813289,"HOT WATER BOTTLE KEEP CALM, LOVE HOT WATER BOTTLE",2
0.010813408626697104,"HAND WARMER UNION JACK, HAND WARMER RED LOVE HEART",2
0.012014898474107893,"HAND WARMER OWL DESIGN, HAND WARMER RED LOVE HEART",2
0.010633185149585486,"HAND WARMER SCOTTY DOG DESIGN, HAND WARMER RED LOVE HEART",2
